text,true,pred,words,bucket
niki wakora mbere yogutandukana nuwo mwashakanye. icyo ugomba kumenya mbere yogutandukana n’uwo mwashakanyenubwo bigoye gufata icyemezo gutandukana ugomba kumenya ugiye gusiga asigaye buryo atigeze ateganya buryo hari ibibazo byiyongera mumibereho kandi bigoye icyambere utakwirengagiza n’uko ugomba ,relationship,relationship,166,101-250
urusaku rubuza umudendezo abaturage bituma insengero zifungwa. ibyuma by’umuziki n’indangurura majwi byiza kandi birakenewe cyane nzu y’imana biterane ariko byakoreshejwe nabi bigasakuza birenze usanga bitakiri ugusenga ahubwo byatangiye kubangama haba rusengero imbere nkengero zarwo baruturiye ibyu,religion,religion,540,501-1000
pdi ntiyanyuzwe kuba umukandida wayo atemerewe kujya sena. nyuma y’uko urukiko rw’ikirenga rwanzuye uwamurera salama adafite ubunaribonye bwatuma umusenateri ishyaka pdi akomokamo riravuga ritanyuzwe n’iki cyemezo ho ihuriro nyunguranabitekerezo ry’imitwe politiki yemewe rwanda rikaba ryavuze amator,politics,politics,335,251-500
amavubi u anganyije zambia ahita asezererwa marushanwa. ikipe y’igihugu amavubi y’abatarengeje imyaka isezerewe zambia irushanwa ryo guhatanira itike kujya gikombe afurika cy’abatarengeje imyaka kinyuranyo cy’ibitego ikipe y’igihugu amavubi y’abatarengeje imyaka isezerewe zambia irushanwa ryo guhata,sport,sport,137,101-250
shoferi miss josiane yasanze akunda ikiremwamuntu cyane video. uwikunda elyse utwara miss popularity mwiseneza josiane yavuze kumutwara bitandukanye gutwara abandi bantu kuko umuntu uzwi cyane kandi ukunda ikiremwamuntu cyane uwikunda elyse utwara miss popularity mwiseneza josiane yavuze kumutwara b,entertainment,entertainment,283,251-500
umunya-eritrea wegukanye agace kabiri la tropicale amissa bongo. umunya- eritrea natnael tesfazion ukinira ikipe y’igihugu cye yegukanye agace kabiri k’isiganwa ry’amagare rizenguruka igihugu gabon la tropicale amissa bongo,sport,sport,28,<=100
igihugu gihagaze neza pe-perezida kagame. perezida repubulika paul kagame yatangaje n’ubwo hashize imyaka igera ibiri hari abagerageza guhungabanya umutekano w’igihugu bitabahiriye ndetse ahubwo ubukungu bukazamuka gipimo cy’u igipimo kiboneka hake isi saa tanu z’amaywa zirengaho iminota mike perezi,politics,politics,431,251-500
nyaruguru ntibumva uburyo umuntu atemagura ntihagire umufata. abaturage murenge kibeho karere nyaruguru ntibumva uburyo umuntu atemagura agakomeza kwidegembyaibi baturage babitangaza nyuma y’iminsi umugore witwa nyirahirwa claudine atemaguye mutwe umuturanyiwe guhururu yasoni agahita ajyanwa bitaro ,health,health,167,101-250
uwahoze atoza ikipe y’abana real madrid yahawe akazi ikipe rwanda. hassan haj taieb watoje ikipe y’umupira w’amaguru y’abatarengeje imyaka real madrid esipanye yahawe akazi ikipe y’ingabo z’igihugu apr fc mukongerera ubumenyi umutoza w’abanyezamu ndetse n’abanyezamu nyir’izina gihe kingana n’amezi a,sport,sport,132,101-250
nyaruguru dufite nakwita a very good problem buhinzi- meya habitegeko. umuyobozi w’akarere nyaruguru habitegeko francois avuga abajyaga bavuga aka karere ak’inzara n’ubukene bibeshyaga ahamya kaziraga imiyoborere mibi uyu munsi nzara n’ubukene bitewe n’imiyoborere myiza bafite ikibazo cyiza cyane bu,economy,economy,438,251-500
