text,true,pred,words,cause (fill in)
u rwanda rurifuza amarushanwa y’imikino rwagombaga kwitabira yasubikwa kubera coronavirus. minisiteri siporo irajya inama amarushanwa y’imikino amakipe y’u rwanda yagombaga yasubikwa kubera icyorezo coronavirus ibi bikaba bikubiye itangazo yashyize ahagaragara kane rigaragaza ingamba yafashe gukumira icyorezo covid cyugarije isi kubera ubwiyongere bw’ibibazo icyorezo coronavirus gikomeje gutera isi minisiteri siporo yishimiye kumenyesha imiryango ishinzwe siporo rwanda hari ingamba zikurikira ga,health,sport,567,
loni yahagurukijwe n’abarwayi covid bamaze kurenga miriyoni isi. inama rusange y’umuryango w’abibumbye loni yemeje umwanzuro guhangana koronavirusi usaba ubwumvikane n’ubufatanye mpuzamahanga guhangana n’iki cyorezo gifite umuvuduko udasanzwe gukwirakwira isi nk’uko bitangazwa france loni ifashe mwanzuro wayo mbere gihe abarwayi koronavirusi isi bamaze kurenga miriyoni harimo abatahuwe vuba barenga ibihumbi ishami ry’umuryango w’abibumbye ryita buzima omswho rishimangira cyorezo kimaze guhitana ,politics,health,185,
amafoto kurikira imigendekere y’umuhango gutabariza umwami kigeli v ndahindurwa. kuri cyumweru tariki mutarama nibwo habaye imihango gusezera gutabariza umugogo w’umwami kigeli v ndahindurwa watabarutse kwezi k’ukwakira ni imihango yagaragayemo byinshi bijyanye n’umuco inagaragaramo abantu bafite amateka by’ubwami kuri cyumweru tariki mutarama nibwo habaye imihango gusezera gutabariza umugogo w’umwami kigeli v ndahindurwa watabarutse kwezi k’ukwakira ni imihango yagaragayemo byinshi bijyanye n’u,culture,health,419,
umufasha perezida jeannette kagame arashimira abanyarwanda. madamu jeannette kagame yagaragarije abagiraneza abanyarwanda bamye bafite umuco kugira ubuntu bituma imiryango y’abagiraneza ikorana neza n’u rwanda ibi bimwe yavugiye nama y’iminsi yaberaga i kigali yahuzaga abagiraneza philanthropists bafasha afurika yitezweho kuvamo ubufasha butandukanye leta y’u rwanda madamu jeannette kagame washinze umuryango imbuto foundation yatanze ingero z’uko u rwanda rwateye intambwe gihe gito nyuma jenosid,politics,economy,299,
aline gahongayire yakujemo bruce melody ikote yambaye amwishyura million n’ibihumbi. umuririmbyi uririmba indirimbo kuramya guhimbaza imana aline gahongayire yasabye bluce melody gukuramo ikote yambaye ahita arigura by’idorari arenga millioni n’ibihumbi maganane uyashyize manyarwanda ibi byabaye ijoro ryo kuwa gatandatu taliki ugushyingo mugitaramo kumurika album social mulla yise ma vie bruce melody umwe mubahanzi bitabiriye gitaramo ndetse yanaririmbyemo melody yambaye ikote ryiganjemo amabara,fashion,entertainment,131,
hagiye gushakwa imiti gakondo yajya itunganyirizwa nganda. abayobozi n’abashakashatsi baturutse bihugu bisaga mugabane w’afurika barimo abashinzwe iby’ubuziranenge rwanda nama y’iminsi itatu barimo kuganira bahuza amabwiriza y’ubuziranenge bw’imiti gakondo ikoreshwa afurika n’uburyo yajya itunganywa neza nganda muri nama barareba uburyo imiti gakondo yafasha ubuzima bw’abayikoresha kuba yabateza ibindi bibazo umuyobozi mukuru w’ikigo cy’igihugu gishinzwe ubuziranenge rsb dr mark cyubahiro bagabe,economy,health,202,
uturere twa rubavu rusizi twashyizwe kato ahandi moto n’imodoka. inama y’abaminisitiri yafashe ingamba zitandukanye zigamije gukomeza kwirinda ikwirakwira ry’icyorezo coronavirus zirimo moto zitwara abagenzi zemerewe gusubukura ibikorwa uretse turere twa rusizi rubavu ndetse ingendo hagati y’intara zemewe ariko kujya karere rusizi rubavu bibujijwe iki cyemezo kizongera gusuzumwa nyuma y’iminsi kirashyira kato uturere twa rusizi rubavu twegereye umupaka w’u rwanda repubulika demokarasi congo,entertainment,politics,62,
abantu bakize covid- rwanda bamaze gusezererwa. abantu bane abarwayi b’icyorezo koronavirusi covid bamaze gusezererwa munsi cyumweru tariki mata nyuma y’aho ibizamini byabo byerekanye koronavirusi ikirangwa mubiri wabo abakize bavurirwaga kigo gifasha abanduye icyorezo koronavirusi giherereye i kanyinya karere nyarugenge abarwayi covid- rwanda bamaze kugera bivuze imibare yamaze guhinduka kubera abarwayi basezerewe cyumweru bityo hakaba hasigaye abarwayi umwe bakize asezera baganga bamwitayeho y,politics,health,134,
birashoboka isi yasendera amahoro- hwpl. umuryango utari uwa leta ushingiye ivugabutumwa uhuza abantu baturutse hirya hino isi heavenly culture world peace restoration of light hwpl uvuga gucengerwa n’ijambo ry’imana byazana amahoro isi uyu muryango uhuza abantu b’imihanda y’isi uku kwezi uherutse gusohora abavugabutumwa barenga ibihumbi muryango w’ivugabutumwa shincheonji church of jesus aba bavugabutumwa ibihumbi bigishwaga amasomo ajyanye n’ubumenyi bw’iyobokamana theology ndetse abandi nkabo,politics,religion,140,
video byinshi bitangaje safari isaac wabyaye abana bagore batandukanye. safari isaac umuhanzi w’indirimbo zihimbaza imana ndetse n’amakorasi yamamaye cyane myaka ishize gusa kugeza hari indirimbo ze nyinshi zizwi ariko abantu batazi ize ndetse ubwe hari abatazi umuhanzi gusa ahanini biterwa n’ubuzima yabayemo bwakurikiye ubwamamare bwe yaje gutandukana n’umugore avuga yasambanaga n’umushoferi hanyuma akaza kujya bagore batandukanye yabyaranye abana basaga safari isaac umuhanzi w’indirimbo zihimb,religion,entertainment,300,
kamonyi umugabo yanze kubaruza imitungo yitegura gatanya. umugore w’imyaka murenge nyarubaka kamonyi ahangayikishijwe n’imitungo yashakanye n’umugabo ikaba itabaruje kandi umugabo yaramaze gusaba gatanya urukiko rubura rubagabanya amasambu n’inzu eshatu imitungo uwabategera claudette yashakanye n’umugabo karemara jean de dieu bashyingiranywe byemewe n’amategeko uyu mugore ufite abana babiri amaze umwaka n’igice yibanira nyina mudugudu birembo akagari kigusa murenge nyarubaka karere kamonyi avuga,politics,economy,482,
korali galeedi yateguye igitaramo cy’imbaturamugabo yatumiyemo dominic ashimwe. korali galeedi ibarizwa itorero adepr kicukiro mudugudu nyakabanda yateguye igitaramo guhimbaza imana cyahawe intego iba gitabo cy’abacamanza igira iti genda mbaraga zawe zingana korali galeedi ibarizwa itorero adepr kicukiro mudugudu nyakabanda yateguye igitaramo guhimbaza imana cyahawe intego iba gitabo cy’abacamanza igira iti genda mbaraga zawe zingana korale galeedi yatangiye umurimo w’imana mwaka yitwa korali ny,entertainment,religion,219,
umwaka mu mafoto yihariye y’ibyawuranze mpande zose z’isi. iyi si iberamo byinshi kandi byinshi bivugwa makuru mu mwaka ushize nawo wavuzwemo amakuru atari make ariko siko twayagarukaho bishoboke muri nkuru dukesha urubuga bbc turabagaragariza amwe mafoto yagarutsweho cyane makuru yavuzwe mwaka umukirisitu gihugu eritereya yabatirijwe ahitwa qasr el-yahud nkengero zigana burengerazuba bw’uruzi yorodani munsi abakristu gihugu bizihizaga mesiya waje isi uba mutarama aha yabatirijwe hakaba bivugwa ,education,religion,518,
hangijwe ibiyobya bwenge bifite agaciro miriyoni zirenga z’amafaranga y’u rwanda. mu turere twa nyagatare gicumbi gatatu tariki ukwakira habaye igikorwa kwangiza ibiyobyabwenge by’ubwoko butandukanye bifite agaciro miriyoni zirenga z’amafaranga y’u rwanda ibikorwa kubyangiza byitabiriwe n’abayobozi nzego zitandukanye barimo ab’inzego z’ibanze iz’umutekano n’ab’inzego z’ubutabera ndetse n’abaturage baturage bakaba barigishijwe ububi bw’ibiyobyabwenge kandi basabwa kubyirinda kugira uruhare kubirw,health,economy,210,
burundi hatoraguwe imirambo itatu mugezi muzazi. mu gitondo ukwakira i bujumbura burundi nibwo hagaragaye imirambo itatu y’abantu bivugwa umurambo umwe wasanzwe ahitwa nyabunyegeri komini mutimbuzi uwundi usangwa nkengero z’umugezi muzazi utandukanya bubanza bujumbura n’undi murambo gatatu usangwa kure cyane n’ubundi nkengero z’uwo mugezi nk’uko umuvugizi polisi ako gace yabwiye iwacu burundi news mirambo iboshye ndetse umwe byagaragaraga mbere kumwica bamukubise ubuhiri mutwe yagize ntabwo abat,health,politics,140,
amabsaderi w’u rwamda burundi nan’ubu aracyahakana urupfu rw’umukinnyi kayihura tchami. kuri mbere tariki ukwakira hari ubutumwa bwiriwe bukwirakwizwa whatsapp buvuga kayihura yicanwe n’abandi bantu bakuwe modoka yavaga burundi iza i kigali ambasaderi w’u rwanda burundi rugira amandin aravuga kintu kimwe kiragaragara cyemeza umukinnyi kayihura yussuf tchami yiciwe burundi ambasaderi rugira yaje kuganira n’ikinyamakuru izubarirashe atangaza ambasade yakurikiranye makuru ariko ikayaburira gihamya ,health,politics,186,
ngororero impanuka y’imodoka yashyize kaga ubuzima bw’abagenzi uwari uyitwaye aratoroka ariruka. mu masaha y’igicamunsi mbere tariki gicurasi impanuka y’imodoka itwara ibagenzi bwoko toyota hiace yabereye murenge nyange karere ngororero ntara y’uburengerazuba bw’u rwanda nyuma uwari uyitwaye ahita atoroka nk’uko umuvugizi w’ishami polisi y’u rwanda rishinzwe umutekano muhanda sup jean marie vianney ndushabandi yabitangarije ikinyamakuru ukwezicom modoka itwaye abagenzi yarenze umuhanda igeze mur,politics,health,99,
ibimenyetso simusiga byemeza bob marley atigeze apfa ahubwo akiri si. bob marley umuhanzi w’icyamamare wamenyekanye isi bitewe n’ubutumwa bufasha abakurikirana ibihangano bye yatangaga njyana rege reggae ikunzwe n’abatari bake bice bitandukanye by’isiubusanzwe yitwa robert nesta marley yavutse tariki gashyantare gihugu jamayika uyu muhanzi akaba yaritabye imana gicurasi mujyi miami leta florida leta zunze ubumwe z’amerikabob marley akiri isi yaranzwe gukora indirimbo zakundwaga kandi zigikunzwe ,history,entertainment,746,
star times yashyizeho poromosiyo n’ibihembo kwifuriza abakiriya bayo noheli nziza n’umwaka mushya. sosiyete star times imaze kuba ubukombe isakazamushusho yashyizeho poromosiyo serivisi zayo n’ibihembo bitandukanye rwego kwifuriza abafatanyabikorwa bayo noheli nziza n’umwaka mushya iyi poromosiyo yiswe dabagirana n’ibyiza bya star times yatangiye tariki ugushyingo ikazarangira tariki mutarama ku muguzi mushya dekoderi entenne byaguraga ibihumbi byashyizwe mafaranga ibihumbi ndetse agahabwa n’ukw,economy,entertainment,254,
polisi yasobanuye icyatumye abashinzwe umutekano barasa abantu babiri. kuri nzeri polisi y’igihugu yasobanuye iby’urupfu niyibizi zachary wishwe arashwe n’abapolisi nzeri karere nyamasheke mu itangazo rigenewe abanyamakuru ryashyizweho umukono n’umuvugizi polisi isp clestin twahirwa munsi bigaragara iryo sanganya ryabereye kagari gasayo umurenge kaerengera karere nyamashekeiri tangazo rigira riti umuyobozi w’akagari gasayofelix ndagijimana yasabye abapolisi kumuherekeza bikorwa by’ubugenzuzi asa,health,politics,284,
umwami ntiyica hica rubanda. byakomeza kunanirana urubanza rukagenda rukagera i bwami iyo umwami yashakaga yagishaga inama ibyegera bye ubundi akaruca akurikije ibimenyetso yahawe rimwe rimwe umwami yajyaga atanga abagome cyangwa se muntu wese wabaga yagomeye ingoma akicwa n’ubwo umwami yajyaga afata bwe ibyemezo bikomeye ntawe abajije rimwe yigeze atwara u rwanda adafite abajyanama usibye kuba rwari runini politiki n’imiyoborere yarwo byari bikomatanye n’urugamba ruhoraho kurinda ubusugire bw’i,history,politics,600,
byinshi menya kumyumvire y’abanyarwanda kera bazimu. kuva kera abanyarwanda bemeraga umuntu agizwe n’umubiri uboneka n’igicucu kitaboneka byombi bigateranya ikiremwa gifite ubwenge n’ugushaka abanyarwanda hambere bavugaga umuntu apfuye umubiri uba umurambo igicucu kikaba umuzimu utagaragara kandi udafatika abanyarwanda kera bavuga nubwo umuzimu ikuzimu akunda iby’imusozi akaza gusura abe bakiriho abasaba kumwubaha kumwiyambaza arabagenzura areba badata umuco karande ahana abawurenzeho abatererez,history,culture,469,
dr agnes binagwaho yagizwe umuyobozi kaminuza. nyuma kugirwa umuyobozi kaminuza igamije kugeza ubuvuzi university of global health equityughe dr agnes binagwaho yatangaje byibanze ashyize imbere ukuzamura umubare w’abaganga bakiri bake rwanda ku itariki mata nibwo dr binagwaho wabaye minisitiri w’ubuzima imyaka itanu yagizwe umuyobozi kaminuza ughemuri umushinga inshuti buzima’ partners in health rwanda watangije kaminuza mpuzamahanga ughe itanga impamyabumenyi z’icyiciro gatatu master of scienc,economy,health,231,
ikirenga bahanzi kayirebwa amaze imyaka irenga muziki wimakaza umuco nyarwanda. umunyabigwi muziki w’u rwanda ccile kayirebwa agiye gurataramira abanyarwanda gitaramo kiswe kirenga bahanzi akanashimirwa imyaka irenga amaze muziki wimakaza umuco nyarwanda uyu mugore w’igishongore utamenya akuze cyane asigaye gihugu cy’ububiligi yatangiye kuririmba myaka yigaga karubanda yasohoreye indirimbo mbere mbere y’uko arangiza amashuri yisumbuye azwi cyane ndirimbo nyarwanda cyane cyane umunezero yafungura,politics,entertainment,311,
mu rwanda hageze umukufi utangaje urinda indwara ukanatuma uwambaye ahora itoto. ubusanzwe tumenyereye umuntu akubwiye ikintu cyakuvura cyangwa se cyakurinda indwara abenshi bahita bumva imiti yaba ibinini cyangwa se indi miti itandukanye ariko ikoranabuhanga rigenda ritera imbere niko hagenda havumburwa byinshi kwirinda indwara zitandukanye wakwibaza uti se umukufi urinda indwara ese umeze ute ibi byose nibyo tugiye kubagezaho nkuru ubusanzwe tumenyereye umuntu akubwiye ikintu cyakuvura cyangwa,health,technology,256,
minisitiri w’ububanyi w’u bubiligi agiye kugira uruzinduko rwanda. ambasaderi w’u rwanda bubiligi olivier nduhungirehe yagiranye ibiganiro minisitiri w’ububanyi n’amahanga w’u bubiligi didier reynders byibanze mubano w’ibihugu byombi n’uko ibintu byifashe karere rusange ibi biganiro byabaye kabiri byibanze kureba akarere u rwanda rubarizwamo gahagaze bijyanye n’umutekano iterambere rusange ambasaderi nduhungirehe yavuze ibiganiro bye reynders byanagarutse ntambwe u rwanda rukomeje gutera iteramb,economy,politics,163,
amateka perezida habyarimana wagiye butegetsi ahemukiye inshuti magara. juvnal habyarimana mwene jean-baptiste ntibazirikana suzanne nyirazuba yavutse tariki werurwe gasiza bushiru gisenyi yavukanaga n’abana abahungu n’abakobwa babiri bashiki babaye abihaye imana muryango w’abenebikira sekuru rugwiro umukozi ushinzwe gutekera abapadiri bera barashinze paruwasi rambura se habyarimana juvnal witwaga jean baptiste ntibazirikana umu kateshisite catchiste juvnal habyarimana mwene jean-baptiste ntibaz,politics,history,815,
umunyamakuru bbc yirukanwe nyuma kugereranya umwana prince harry meghan ’n’inguge’. umunyamakuru bbc radio live witwa danny baker yirukanwe kazi kubera ubutumwa post yanyujije konti twitter avuga mwana uheruka kwibarukwa n’igikomangoma harry meghan markle ku mbere w’iki cyumweru tariki gicurasi muryango w’i bwami wibarutse umwana w’umuhungu w’imfura nyuma y’iminsi ibiri bibarutse batangaje bamwise archie akaba umuragwa rutonde rw’abami b’ubwongereza umwana w’ibwami yavuye bitaro magambo munyamak,entertainment,health,225,
amajyaruguru abaturage basabwe gusigasira umuco gusangira gusabana. guverineri w’intara y’amajyaruguru gatabazi jean marie vianney yabwiye abaturage bateraniye murindi karere gicumbi gusangira gusabana indangagaciro ikomeye muco nyarwanda bityo bikwiye gusigasirwa ibi yabivuze tariki nyakanga hasozwaga ukwezi kwibohora hanatangizwa icyumweru cy’umuganura birori byabereye kibuga cyumupira wamaguru kiri mulindi bamwe baturage bavuga gusangira muryango nyarwanda usanga bigenda bicika gusa guveriner,culture,sport,255,
ese waba uzi inkomoko lacoste. tubona abantu benshi bambara imyenda cyangwa inkweto bifite ikimenyetso kiriho cy’ingona ndetse ikagurwa nabatari bake ariko ntawabura kwibaza kimenyetso cyaturutse kugirango gitangre kwambarwa ndetse n’uwakizanye ubundi kimenyetso cy’ingona yaje kwitirirwa lacoste yatangiriye mipira gusa ndetse yambarwa n’umugabo umwe byatangiye mwaka w’i kapiteni w’ikipe y’igihugu cy’ubufaransa y’umukino tennis yashyiriragaho intego umwe muba bakinnyi w’igihangange witwa ren laco,entertainment,sport,234,
